user,file
user01,samples/images/Argentina.png
user02,samples/images/Australia.png
user03,samples/images/Austria.png
user04,samples/images/Belgium.png
user05,samples/images/Brazil.png
user06,samples/images/Cameroon.png
user07,samples/images/Canada.png
user08,samples/images/Chile.png
user09,samples/images/China.png
user10,samples/images/Denmark.png
user11,samples/images/Finland.png
user12,samples/images/France.png
user13,samples/images/Germany.png
user14,samples/images/Greece.png
user15,samples/images/Hong Kong.png
user16,samples/images/Hungary.png
user17,samples/images/Iceland.png
